{"display":{"gui":{"rotation":[-150.0,-45.0,180.0]}},"elements":[{"faces":{"down":{"rotation":0,"texture":"#0","tintindex":0,"uv":[4.875,0.75,4.75,0.875]},"east":{"rotation":0,"texture":"#0","tintindex":0,"uv":[4.625,4.25,4.75,4.375]},"north":{"rotation":0,"texture":"#0","tintindex":0,"uv":[4.625,3.25,4.75,3.375]},"south":{"rotation":0,"texture":"#0","tintindex":0,"uv":[4.625,4.5,4.75,4.625]},"up":{"rotation":0,"texture":"#0","tintindex":0,"uv":[0.875,4.875,0.75,4.75]},"west":{"rotation":0,"texture":"#0","tintindex":0,"uv":[0.5,4.75,0.625,4.875]}},"from":[4.5303097,2.9130707,7.60786],"to":[5.5303097,3.9130707,8.60786]},{"faces":{"down":{"rotation":0,"texture":"#0","tintindex":0,"uv":[3.25,3.625,2.875,3.875]},"east":{"rotation":0,"texture":"#0","tintindex":0,"uv":[0.375,4.125,0.625,4.375]},"north":{"rotation":0,"texture":"#0","tintindex":0,"uv":[1.875,3.625,2.25,3.875]},"south":{"rotation":0,"texture":"#0","tintindex":0,"uv":[3.625,2.25,4.0,2.5]},"up":{"rotation":0,"texture":"#0","tintindex":0,"uv":[2.75,3.875,2.375,3.625]},"west":{"rotation":0,"texture":"#0","tintindex":0,"uv":[0.75,4.125,1.0,4.375]}},"from":[6.0925703,5.6847,7.10786],"rotation":{"angle":45.0,"axis":"z","origin":[7.0925703,6.6847,8.10786]},"to":[9.09257,7.6847,9.10786]},{"faces":{"down":{"rotation":0,"texture":"#0","tintindex":0,"uv":[2.0,4.5,1.875,4.75]},"east":{"rotation":0,"texture":"#0","tintindex":0,"uv":[0.5,4.5,0.75,4.625]},"north":{"rotation":0,"texture":"#0","tintindex":0,"uv":[3.625,2.625,3.75,2.75]},"south":{"rotation":0,"texture":"#0","tintindex":0,"uv":[4.625,3.0,4.75,3.125]},"up":{"rotation":0,"texture":"#0","tintindex":0,"uv":[1.375,4.75,1.25,4.5]},"west":{"rotation":0,"texture":"#0","tintindex":0,"uv":[0.875,4.5,1.125,4.625]}},"from":[4.8749304,3.6455994,7.10786],"rotation":{"angle":-22.5,"axis":"z","origin":[5.37493,4.6455994,8.10786]},"to":[5.87493,4.6455994,9.10786]},{"faces":{"down":{"rotation":0,"texture":"#0","tintindex":0,"uv":[4.5,0.0,4.25,0.25]},"east":{"rotation":0,"texture":"#0","tintindex":0,"uv":[3.375,4.125,3.625,4.375]},"north":{"rotation":0,"texture":"#0","tintindex":0,"uv":[4.125,2.0,4.375,2.25]},"south":{"rotation":0,"texture":"#0","tintindex":0,"uv":[4.125,3.625,4.375,3.875]},"up":{"rotation":0,"texture":"#0","tintindex":0,"uv":[4.375,4.25,4.125,4.0]},"west":{"rotation":0,"texture":"#0","tintindex":0,"uv":[3.75,4.125,4.0,4.375]}},"from":[4.8749304,4.6455994,7.10786],"rotation":{"angle":-22.5,"axis":"z","origin":[5.37493,4.6455994,8.10786]},"to":[6.87493,6.6455994,9.10786]}],"textures":{"0":"modelengine:custom/desecrated_chains_kill_effect","particle":"#0"}}