{"display":{"gui":{"rotation":[-150.0,-45.0,180.0]}},"elements":[{"faces":{"down":{"rotation":0,"texture":"#0","tintindex":0,"uv":[7.6875,7.1875,7.5625,7.3125]},"east":{"rotation":0,"texture":"#0","tintindex":0,"uv":[6.5625,7.1875,6.6875,7.5]},"north":{"rotation":0,"texture":"#0","tintindex":0,"uv":[6.4375,7.1875,6.5625,7.5]},"south":{"rotation":0,"texture":"#0","tintindex":0,"uv":[6.6875,7.1875,6.8125,7.5]},"up":{"rotation":0,"texture":"#0","tintindex":0,"uv":[7.6875,7.0,7.5625,6.875]},"west":{"rotation":0,"texture":"#0","tintindex":0,"uv":[6.8125,7.1875,6.9375,7.5]}},"from":[7.0,2.6040726,8.486748],"rotation":{"angle":-22.5,"axis":"x","origin":[8.0,5.1040726,9.486748]},"to":[9.0,7.6040726,10.486748]},{"faces":{"down":{"rotation":0,"texture":"#0","tintindex":0,"uv":[7.6875,6.625,7.5625,6.75]},"east":{"rotation":0,"texture":"#0","tintindex":0,"uv":[5.3125,7.375,5.4375,7.625]},"north":{"rotation":0,"texture":"#0","tintindex":0,"uv":[7.375,5.0625,7.5,5.3125]},"south":{"rotation":0,"texture":"#0","tintindex":0,"uv":[5.4375,7.375,5.5625,7.625]},"up":{"rotation":0,"texture":"#0","tintindex":0,"uv":[6.3125,7.6875,6.1875,7.5625]},"west":{"rotation":0,"texture":"#0","tintindex":0,"uv":[5.5625,7.375,5.6875,7.625]}},"from":[7.0,5.7381945,8.72748],"rotation":{"angle":45.0,"axis":"x","origin":[8.0,7.7381945,9.72748]},"to":[9.0,9.738194,10.72748]}],"textures":{"0":"modelengine:custom/desert_dragon","particle":"#0"}}