{"display":{"gui":{"rotation":[-150.0,-45.0,180.0]}},"elements":[{"faces":{"down":{"rotation":0,"texture":"#0","tintindex":0,"uv":[1.375,7.0625,1.25,7.4375]},"east":{"rotation":0,"texture":"#0","tintindex":0,"uv":[0.875,7.0625,1.25,7.1875]},"north":{"rotation":0,"texture":"#0","tintindex":0,"uv":[1.9375,7.5625,2.0625,7.6875]},"south":{"rotation":0,"texture":"#0","tintindex":0,"uv":[2.625,7.5625,2.75,7.6875]},"up":{"rotation":0,"texture":"#0","tintindex":0,"uv":[4.6875,7.375,4.5625,7.0]},"west":{"rotation":0,"texture":"#0","tintindex":0,"uv":[7.0625,3.8125,7.4375,3.9375]}},"from":[6.5,6.6261864,9.727048],"rotation":{"angle":45.0,"axis":"x","origin":[7.5,7.6261864,12.727048]},"to":[8.5,8.626186,15.727048]},{"faces":{"down":{"rotation":0,"texture":"#0","tintindex":0,"uv":[1.1875,6.75,0.9375,7.0625]},"east":{"rotation":0,"texture":"#0","tintindex":0,"uv":[7.125,0.9375,7.4375,1.0625]},"north":{"rotation":0,"texture":"#0","tintindex":0,"uv":[7.375,1.5,7.625,1.625]},"south":{"rotation":0,"texture":"#0","tintindex":0,"uv":[3.25,7.375,3.5,7.5]},"up":{"rotation":0,"texture":"#0","tintindex":0,"uv":[6.8125,6.9375,6.5625,6.625]},"west":{"rotation":0,"texture":"#0","tintindex":0,"uv":[7.125,1.0625,7.4375,1.1875]}},"from":[5.5,7.574025,6.885819],"rotation":{"angle":-22.5,"axis":"x","origin":[7.5,8.574025,9.385819]},"to":[9.5,9.574025,11.885819]},{"faces":{"down":{"rotation":0,"texture":"#0","tintindex":0,"uv":[3.0,7.5625,2.875,7.6875]},"east":{"rotation":0,"texture":"#0","tintindex":0,"uv":[4.1875,7.1875,4.3125,7.5]},"north":{"rotation":0,"texture":"#0","tintindex":0,"uv":[4.0625,7.1875,4.1875,7.5]},"south":{"rotation":0,"texture":"#0","tintindex":0,"uv":[4.6875,7.1875,4.8125,7.5]},"up":{"rotation":0,"texture":"#0","tintindex":0,"uv":[2.875,7.6875,2.75,7.5625]},"west":{"rotation":0,"texture":"#0","tintindex":0,"uv":[4.8125,7.1875,4.9375,7.5]}},"from":[6.5,1.7849569,12.674887],"rotation":{"angle":22.5,"axis":"x","origin":[7.5,4.284957,13.674887]},"to":[8.5,6.784957,14.674887]}],"textures":{"0":"modelengine:custom/desert_dragon","particle":"#0"}}