{"display":{"gui":{"rotation":[-150.0,-45.0,180.0]}},"elements":[{"faces":{"down":{"rotation":0,"texture":"#0","tintindex":0,"uv":[4.5625,6.9375,4.4375,7.375]},"east":{"rotation":0,"texture":"#0","tintindex":0,"uv":[7.0,0.375,7.4375,0.5]},"north":{"rotation":0,"texture":"#0","tintindex":0,"uv":[0.5,7.625,0.625,7.75]},"south":{"rotation":0,"texture":"#0","tintindex":0,"uv":[0.625,7.625,0.75,7.75]},"up":{"rotation":0,"texture":"#0","tintindex":0,"uv":[4.4375,7.375,4.3125,6.9375]},"west":{"rotation":0,"texture":"#0","tintindex":0,"uv":[7.0,0.5,7.4375,0.625]}},"from":[2.185336,9.148922,5.6094093],"rotation":{"angle":-45.0,"axis":"y","origin":[3.185336,10.148922,9.109409]},"to":[4.185336,11.148922,12.609409]},{"faces":{"down":{"rotation":0,"texture":"#0","tintindex":0,"uv":[1.8125,6.9375,1.6875,7.375]},"east":{"rotation":0,"texture":"#0","tintindex":0,"uv":[7.0,0.0,7.4375,0.125]},"north":{"rotation":0,"texture":"#0","tintindex":0,"uv":[0.25,7.625,0.375,7.75]},"south":{"rotation":0,"texture":"#0","tintindex":0,"uv":[0.375,7.625,0.5,7.75]},"up":{"rotation":0,"texture":"#0","tintindex":0,"uv":[1.6875,7.375,1.5625,6.9375]},"west":{"rotation":0,"texture":"#0","tintindex":0,"uv":[7.0,0.125,7.4375,0.25]}},"from":[9.25,11.564434,5.119812],"rotation":{"angle":-22.5,"axis":"x","origin":[10.25,12.564434,8.619812]},"to":[11.25,13.564434,12.119812]},{"faces":{"down":{"rotation":0,"texture":"#0","tintindex":0,"uv":[5.8125,6.9375,5.6875,7.375]},"east":{"rotation":0,"texture":"#0","tintindex":0,"uv":[7.0,0.625,7.4375,0.75]},"north":{"rotation":0,"texture":"#0","tintindex":0,"uv":[7.625,0.625,7.75,0.75]},"south":{"rotation":0,"texture":"#0","tintindex":0,"uv":[0.75,7.625,0.875,7.75]},"up":{"rotation":0,"texture":"#0","tintindex":0,"uv":[5.6875,7.375,5.5625,6.9375]},"west":{"rotation":0,"texture":"#0","tintindex":0,"uv":[7.0,0.75,7.4375,0.875]}},"from":[11.814664,9.148922,5.6094093],"rotation":{"angle":45.0,"axis":"y","origin":[12.814664,10.148922,9.109409]},"to":[13.814664,11.148922,12.609409]},{"faces":{"down":{"rotation":0,"texture":"#0","tintindex":0,"uv":[3.6875,6.5,3.375,6.8125]},"east":{"rotation":0,"texture":"#0","tintindex":0,"uv":[6.5625,3.0625,6.875,3.3125]},"north":{"rotation":0,"texture":"#0","tintindex":0,"uv":[6.5625,2.8125,6.875,3.0625]},"south":{"rotation":0,"texture":"#0","tintindex":0,"uv":[6.5625,4.0625,6.875,4.3125]},"up":{"rotation":0,"texture":"#0","tintindex":0,"uv":[3.375,6.8125,3.0625,6.5]},"west":{"rotation":0,"texture":"#0","tintindex":0,"uv":[0.625,6.625,0.9375,6.875]}},"from":[5.5,6.148922,-3.9964485],"to":[10.5,10.148922,1.0035515]},{"faces":{"down":{"rotation":0,"texture":"#0","tintindex":0,"uv":[5.9375,4.0625,5.5,4.5]},"east":{"rotation":0,"texture":"#0","tintindex":0,"uv":[0.75,5.75,0.0,6.375]},"north":{"rotation":0,"texture":"#0","tintindex":0,"uv":[5.125,5.5,5.5625,5.875]},"south":{"rotation":0,"texture":"#0","tintindex":0,"uv":[5.5625,5.5,6.0,5.875]},"up":{"rotation":0,"texture":"#0","tintindex":0,"uv":[5.8125,2.0625,5.375,1.625]},"west":{"rotation":0,"texture":"#0","tintindex":0,"uv":[0.0,5.75,0.75,6.375]}},"from":[4.5,6.148922,1.0035515],"to":[11.5,12.148922,8.00355]},{"faces":{"down":{"rotation":0,"texture":"#0","tintindex":0,"uv":[2.4375,5.375,2.3125,5.8125]},"east":{"rotation":0,"texture":"#0","tintindex":0,"uv":[6.9375,5.1875,7.375,5.3125]},"north":{"rotation":0,"texture":"#0","tintindex":0,"uv":[7.625,0.0,7.75,0.125]},"south":{"rotation":0,"texture":"#0","tintindex":0,"uv":[0.125,7.625,0.25,7.75]},"up":{"rotation":0,"texture":"#0","tintindex":0,"uv":[0.4375,5.6875,0.3125,5.25]},"west":{"rotation":0,"texture":"#0","tintindex":0,"uv":[6.3125,6.9375,6.75,7.0625]}},"from":[4.75,11.564434,5.119812],"rotation":{"angle":-22.5,"axis":"x","origin":[5.75,12.564434,8.619812]},"to":[6.75,13.564434,12.119812]},{"faces":{"down":{"rotation":0,"texture":"#0","tintindex":0,"uv":[6.5,3.375,6.0625,3.625]},"east":{"rotation":0,"texture":"#0","tintindex":0,"uv":[4.4375,0.8125,4.6875,0.9375]},"north":{"rotation":0,"texture":"#0","tintindex":0,"uv":[6.875,4.75,7.3125,4.875]},"south":{"rotation":0,"texture":"#0","tintindex":0,"uv":[4.6875,6.9375,5.125,7.0625]},"up":{"rotation":0,"texture":"#0","tintindex":0,"uv":[6.1875,6.25,5.75,6.0]},"west":{"rotation":0,"texture":"#0","tintindex":0,"uv":[7.1875,4.3125,7.4375,4.4375]}},"from":[4.5,4.148922,4.0035515],"to":[11.5,6.148922,8.00355]},{"faces":{"down":{"rotation":0,"texture":"#0","tintindex":0,"uv":[4.8125,3.9375,4.75,4.1875]},"east":{"rotation":0,"texture":"#0","tintindex":0,"uv":[6.625,5.8125,6.875,5.875]},"north":{"rotation":0,"texture":"#0","tintindex":0,"uv":[5.9375,3.375,6.0,3.4375]},"south":{"rotation":0,"texture":"#0","tintindex":0,"uv":[6.0,3.375,6.0625,3.4375]},"up":{"rotation":0,"texture":"#0","tintindex":0,"uv":[4.8125,3.9375,4.75,3.6875]},"west":{"rotation":0,"texture":"#0","tintindex":0,"uv":[7.5,3.0625,7.75,3.125]}},"from":[4.0,10.063261,2.0214424],"to":[5.0,11.063261,6.0214424]},{"faces":{"down":{"rotation":0,"texture":"#0","tintindex":0,"uv":[2.5,4.4375,2.4375,4.6875]},"east":{"rotation":0,"texture":"#0","tintindex":0,"uv":[6.3125,2.1875,6.5625,2.25]},"north":{"rotation":0,"texture":"#0","tintindex":0,"uv":[4.75,4.1875,4.8125,4.25]},"south":{"rotation":0,"texture":"#0","tintindex":0,"uv":[4.75,5.625,4.8125,5.6875]},"up":{"rotation":0,"texture":"#0","tintindex":0,"uv":[3.9375,1.625,3.875,1.375]},"west":{"rotation":0,"texture":"#0","tintindex":0,"uv":[6.5,1.875,6.75,1.9375]}},"from":[11.0,10.063261,2.0214424],"to":[12.0,11.063261,6.0214424]}],"textures":{"0":"modelengine:custom/desert_dragon","particle":"#0"}}