{"display":{"gui":{"rotation":[-150.0,-45.0,180.0]}},"elements":[{"faces":{"down":{"rotation":0,"texture":"#0","tintindex":0,"uv":[6.3125,0.6875,5.6875,0.8125]},"east":{"rotation":0,"texture":"#0","tintindex":0,"uv":[4.0,7.5,4.125,7.625]},"north":{"rotation":0,"texture":"#0","tintindex":0,"uv":[5.6875,0.3125,6.3125,0.4375]},"south":{"rotation":0,"texture":"#0","tintindex":0,"uv":[6.1875,0.4375,6.8125,0.5625]},"up":{"rotation":0,"texture":"#0","tintindex":0,"uv":[6.3125,0.6875,5.6875,0.5625]},"west":{"rotation":0,"texture":"#0","tintindex":0,"uv":[4.125,7.5,4.25,7.625]}},"from":[2.9484367,7.253125,8.8096075],"rotation":{"angle":22.5,"axis":"y","origin":[3.6984367,7.753125,9.3096075]},"to":[8.448437,8.253125,9.8096075]},{"faces":{"down":{"rotation":0,"texture":"#0","tintindex":0,"uv":[1.25,2.3125,0.625,4.4375]},"east":{"rotation":0,"texture":"#0","tintindex":0,"uv":[5.6875,5.375,7.8125,5.4375]},"north":{"rotation":0,"texture":"#0","tintindex":0,"uv":[0.625,6.3125,1.25,6.375]},"south":{"rotation":0,"texture":"#0","tintindex":0,"uv":[7.0625,4.0,7.6875,4.0625]},"up":{"rotation":0,"texture":"#0","tintindex":0,"uv":[0.625,4.4375,0.0,2.3125]},"west":{"rotation":0,"texture":"#0","tintindex":0,"uv":[5.6875,5.4375,7.8125,5.5]}},"from":[2.9716434,7.503125,7.9126053],"to":[7.9716434,8.003125,24.912605]},{"faces":{"down":{"rotation":0,"texture":"#0","tintindex":0,"uv":[4.6875,6.1875,4.5625,7.0]},"east":{"rotation":0,"texture":"#0","tintindex":0,"uv":[6.3125,2.0625,7.125,2.1875]},"north":{"rotation":0,"texture":"#0","tintindex":0,"uv":[5.0625,7.5,5.1875,7.625]},"south":{"rotation":0,"texture":"#0","tintindex":0,"uv":[7.5,5.0625,7.625,5.1875]},"up":{"rotation":0,"texture":"#0","tintindex":0,"uv":[2.125,7.0,2.0,6.1875]},"west":{"rotation":0,"texture":"#0","tintindex":0,"uv":[6.3125,2.4375,7.125,2.5625]}},"from":[4.049946,7.3531246,17.71742],"rotation":{"angle":22.5,"axis":"y","origin":[4.549946,7.753125,20.96742]},"to":[5.049946,8.153125,24.21742]},{"faces":{"down":{"rotation":0,"texture":"#0","tintindex":0,"uv":[0.375,6.625,0.25,7.375]},"east":{"rotation":0,"texture":"#0","tintindex":0,"uv":[6.5,3.5,7.25,3.625]},"north":{"rotation":0,"texture":"#0","tintindex":0,"uv":[4.6875,7.5,4.8125,7.625]},"south":{"rotation":0,"texture":"#0","tintindex":0,"uv":[7.5,4.75,7.625,4.875]},"up":{"rotation":0,"texture":"#0","tintindex":0,"uv":[2.625,7.25,2.5,6.5]},"west":{"rotation":0,"texture":"#0","tintindex":0,"uv":[6.3125,6.5,7.0625,6.625]}},"from":[2.844284,7.3531246,12.156155],"to":[3.844284,8.153125,18.156155]},{"faces":{"down":{"rotation":0,"texture":"#0","tintindex":0,"uv":[2.9375,6.0,2.8125,6.8125]},"east":{"rotation":0,"texture":"#0","tintindex":0,"uv":[6.25,3.8125,7.0625,3.9375]},"north":{"rotation":0,"texture":"#0","tintindex":0,"uv":[7.5,4.5,7.625,4.625]},"south":{"rotation":0,"texture":"#0","tintindex":0,"uv":[7.5,4.625,7.625,4.75]},"up":{"rotation":0,"texture":"#0","tintindex":0,"uv":[2.8125,6.8125,2.6875,6.0]},"west":{"rotation":0,"texture":"#0","tintindex":0,"uv":[6.25,3.9375,7.0625,4.0625]}},"from":[4.9959354,7.3031254,6.9616103],"rotation":{"angle":-45.0,"axis":"y","origin":[5.4959354,7.7281246,10.211611]},"to":[5.9959354,8.153125,13.461611]}],"textures":{"0":"modelengine:custom/desert_dragon","particle":"#0"}}