{"display":{"gui":{"rotation":[-150.0,-45.0,180.0]}},"elements":[{"faces":{"down":{"rotation":0,"texture":"#0","tintindex":0,"uv":[7.5,6.5,7.375,6.6875]},"east":{"rotation":0,"texture":"#0","tintindex":0,"uv":[3.0,4.375,3.1875,4.5625]},"north":{"rotation":0,"texture":"#0","tintindex":0,"uv":[4.875,1.625,5.0,1.8125]},"south":{"rotation":0,"texture":"#0","tintindex":0,"uv":[7.375,5.9375,7.5,6.125]},"up":{"rotation":0,"texture":"#0","tintindex":0,"uv":[6.1875,7.5625,6.0625,7.375]},"west":{"rotation":0,"texture":"#0","tintindex":0,"uv":[7.125,6.875,7.3125,7.0625]}},"from":[1.3276815,7.255021,5.26627],"to":[2.3276815,8.755021,6.76627]},{"faces":{"down":{"rotation":0,"texture":"#0","tintindex":0,"uv":[3.5625,6.8125,3.4375,7.375]},"east":{"rotation":0,"texture":"#0","tintindex":0,"uv":[6.75,6.25,7.3125,6.375]},"north":{"rotation":0,"texture":"#0","tintindex":0,"uv":[5.1875,7.5,5.3125,7.625]},"south":{"rotation":0,"texture":"#0","tintindex":0,"uv":[7.5,5.1875,7.625,5.3125]},"up":{"rotation":0,"texture":"#0","tintindex":0,"uv":[3.4375,7.375,3.3125,6.8125]},"west":{"rotation":0,"texture":"#0","tintindex":0,"uv":[4.6875,6.8125,5.25,6.9375]}},"from":[2.8538427,7.6050205,10.25812],"rotation":{"angle":22.5,"axis":"y","origin":[3.3538427,8.005021,12.50812]},"to":[3.8538427,8.405021,14.75812]},{"faces":{"down":{"rotation":0,"texture":"#0","tintindex":0,"uv":[7.0,6.125,6.1875,6.25]},"east":{"rotation":0,"texture":"#0","tintindex":0,"uv":[3.1875,7.5,3.3125,7.625]},"north":{"rotation":0,"texture":"#0","tintindex":0,"uv":[6.1875,0.0,7.0,0.125]},"south":{"rotation":0,"texture":"#0","tintindex":0,"uv":[6.1875,0.125,7.0,0.25]},"up":{"rotation":0,"texture":"#0","tintindex":0,"uv":[7.0,6.125,6.1875,6.0]},"west":{"rotation":0,"texture":"#0","tintindex":0,"uv":[3.3125,7.5,3.4375,7.625]}},"from":[1.4650688,7.505021,6.589247],"rotation":{"angle":-22.5,"axis":"y","origin":[4.715069,8.005021,7.089247]},"to":[7.965069,8.505021,7.589247]},{"faces":{"down":{"rotation":0,"texture":"#0","tintindex":0,"uv":[3.75,0.0,3.0,1.75]},"east":{"rotation":0,"texture":"#0","tintindex":0,"uv":[5.9375,4.4375,7.6875,4.5]},"north":{"rotation":0,"texture":"#0","tintindex":0,"uv":[7.0,5.5625,7.75,5.625]},"south":{"rotation":0,"texture":"#0","tintindex":0,"uv":[7.0,5.625,7.75,5.6875]},"up":{"rotation":0,"texture":"#0","tintindex":0,"uv":[3.25,4.0625,2.5,2.3125]},"west":{"rotation":0,"texture":"#0","tintindex":0,"uv":[6.0625,3.625,7.8125,3.6875]}},"from":[1.9526815,7.755021,6.26627],"to":[7.9526815,8.255021,20.26627]},{"faces":{"down":{"rotation":0,"texture":"#0","tintindex":0,"uv":[6.3125,6.75,6.1875,7.3125]},"east":{"rotation":0,"texture":"#0","tintindex":0,"uv":[6.6875,4.5,7.25,4.625]},"north":{"rotation":0,"texture":"#0","tintindex":0,"uv":[3.75,7.5,3.875,7.625]},"south":{"rotation":0,"texture":"#0","tintindex":0,"uv":[3.875,7.5,4.0,7.625]},"up":{"rotation":0,"texture":"#0","tintindex":0,"uv":[1.5625,7.3125,1.4375,6.75]},"west":{"rotation":0,"texture":"#0","tintindex":0,"uv":[6.75,1.875,7.3125,2.0]}},"from":[5.197484,7.5550213,13.765627],"rotation":{"angle":45.0,"axis":"y","origin":[5.697484,7.9800205,16.015627]},"to":[6.197484,8.405021,18.265627]},{"faces":{"down":{"rotation":0,"texture":"#0","tintindex":0,"uv":[0.875,6.875,0.75,7.375]},"east":{"rotation":0,"texture":"#0","tintindex":0,"uv":[6.875,2.9375,7.375,3.0625]},"north":{"rotation":0,"texture":"#0","tintindex":0,"uv":[7.5,3.375,7.625,3.5]},"south":{"rotation":0,"texture":"#0","tintindex":0,"uv":[3.625,7.5,3.75,7.625]},"up":{"rotation":0,"texture":"#0","tintindex":0,"uv":[3.9375,5.0625,3.8125,4.5625]},"west":{"rotation":0,"texture":"#0","tintindex":0,"uv":[6.875,3.0625,7.375,3.1875]}},"from":[2.0308647,7.6050205,6.620732],"to":[3.0308647,8.405021,10.620731]}],"textures":{"0":"modelengine:custom/desert_dragon","particle":"#0"}}