{"display":{"gui":{"rotation":[-150.0,-45.0,180.0]}},"elements":[{"faces":{"down":{"rotation":0,"texture":"#0","tintindex":0,"uv":[0.7331081,1.5376712,0.5886824,1.6802226]},"east":{"rotation":0,"texture":"#0","tintindex":0,"uv":[0.9096284,1.7435788,1.054054,1.8702911]},"north":{"rotation":0,"texture":"#0","tintindex":0,"uv":[0.9096284,1.6010274,1.054054,1.7277397]},"south":{"rotation":0,"texture":"#0","tintindex":0,"uv":[0.34797296,1.854452,0.49239865,1.9811643]},"up":{"rotation":0,"texture":"#0","tintindex":0,"uv":[0.5726351,1.6802226,0.42820945,1.5376712]},"west":{"rotation":0,"texture":"#0","tintindex":0,"uv":[0.5084459,1.854452,0.6528716,1.9811643]}},"from":[3.5,4.0,3.5],"rotation":{"angle":45.0,"axis":"x","origin":[8.0,8.0,8.0]},"to":[12.5,12.0,12.5]}],"textures":{"0":"modelengine:custom/fireball","particle":"#0"}}