{"display":{"gui":{"rotation":[-150.0,-45.0,180.0]}},"elements":[{"faces":{"down":{"rotation":0,"texture":"#0","tintindex":0,"uv":[1.5625,0.28125,1.484375,0.359375]},"east":{"rotation":0,"texture":"#0","tintindex":0,"uv":[1.578125,0.09375,1.65625,0.171875]},"north":{"rotation":0,"texture":"#0","tintindex":0,"uv":[1.484375,0.1875,1.5625,0.265625]},"south":{"rotation":0,"texture":"#0","tintindex":0,"uv":[1.578125,0.1875,1.65625,0.265625]},"up":{"rotation":0,"texture":"#0","tintindex":0,"uv":[1.75,0.078125,1.671875,0.0]},"west":{"rotation":0,"texture":"#0","tintindex":0,"uv":[1.390625,0.28125,1.46875,0.359375]}},"from":[5.5,5.5,5.5],"rotation":{"angle":45.0,"axis":"x","origin":[8.0,8.0,8.0]},"to":[10.5,10.5,10.5]}],"textures":{"0":"modelengine:custom/fireball","particle":"#0"}}