{"display":{"gui":{"rotation":[-150.0,-45.0,180.0]}},"elements":[{"faces":{"down":{"rotation":0,"texture":"#0","tintindex":0,"uv":[1.84375,0.28125,1.765625,0.359375]},"east":{"rotation":0,"texture":"#0","tintindex":0,"uv":[1.765625,0.09375,1.84375,0.171875]},"north":{"rotation":0,"texture":"#0","tintindex":0,"uv":[1.484375,0.375,1.5625,0.453125]},"south":{"rotation":0,"texture":"#0","tintindex":0,"uv":[1.578125,0.375,1.65625,0.453125]},"up":{"rotation":0,"texture":"#0","tintindex":0,"uv":[1.75,0.453125,1.671875,0.375]},"west":{"rotation":0,"texture":"#0","tintindex":0,"uv":[1.765625,0.1875,1.84375,0.265625]}},"from":[5.5,5.5,5.5],"rotation":{"angle":45.0,"axis":"x","origin":[8.0,8.0,8.0]},"to":[10.5,10.5,10.5]}],"textures":{"0":"modelengine:custom/fireball","particle":"#0"}}