{"display":{"gui":{"rotation":[-150.0,-45.0,180.0]}},"elements":[{"faces":{"down":{"rotation":0,"texture":"#0","tintindex":0,"uv":[1.65625,0.46875,1.578125,0.546875]},"east":{"rotation":0,"texture":"#0","tintindex":0,"uv":[1.390625,0.46875,1.46875,0.546875]},"north":{"rotation":0,"texture":"#0","tintindex":0,"uv":[1.765625,0.375,1.84375,0.453125]},"south":{"rotation":0,"texture":"#0","tintindex":0,"uv":[1.859375,0.0,1.9375,0.078125]},"up":{"rotation":0,"texture":"#0","tintindex":0,"uv":[1.9375,0.171875,1.859375,0.09375]},"west":{"rotation":0,"texture":"#0","tintindex":0,"uv":[1.484375,0.46875,1.5625,0.546875]}},"from":[5.5,5.5,5.5],"rotation":{"angle":45.0,"axis":"x","origin":[8.0,8.0,8.0]},"to":[10.5,10.5,10.5]}],"textures":{"0":"modelengine:custom/fireball","particle":"#0"}}