{"display":{"gui":{"rotation":[-150.0,-45.0,180.0]}},"elements":[{"faces":{"down":{"rotation":0,"texture":"#0","tintindex":0,"uv":[2.03125,0.46875,1.953125,0.546875]},"east":{"rotation":0,"texture":"#0","tintindex":0,"uv":[1.953125,0.28125,2.03125,0.359375]},"north":{"rotation":0,"texture":"#0","tintindex":0,"uv":[1.671875,0.5625,1.75,0.640625]},"south":{"rotation":0,"texture":"#0","tintindex":0,"uv":[1.765625,0.5625,1.84375,0.640625]},"up":{"rotation":0,"texture":"#0","tintindex":0,"uv":[1.9375,0.640625,1.859375,0.5625]},"west":{"rotation":0,"texture":"#0","tintindex":0,"uv":[1.953125,0.375,2.03125,0.453125]}},"from":[5.5,5.5,5.5],"rotation":{"angle":45.0,"axis":"x","origin":[8.0,8.0,8.0]},"to":[10.5,10.5,10.5]}],"textures":{"0":"modelengine:custom/fireball","particle":"#0"}}