{"display":{"gui":{"rotation":[-150.0,-45.0,180.0]}},"elements":[{"faces":{"down":{"rotation":0,"texture":"#0","tintindex":0,"uv":[1.65625,0.65625,1.578125,0.734375]},"east":{"rotation":0,"texture":"#0","tintindex":0,"uv":[1.390625,0.65625,1.46875,0.734375]},"north":{"rotation":0,"texture":"#0","tintindex":0,"uv":[1.953125,0.5625,2.03125,0.640625]},"south":{"rotation":0,"texture":"#0","tintindex":0,"uv":[2.046875,0.0,2.125,0.078125]},"up":{"rotation":0,"texture":"#0","tintindex":0,"uv":[2.125,0.171875,2.046875,0.09375]},"west":{"rotation":0,"texture":"#0","tintindex":0,"uv":[1.484375,0.65625,1.5625,0.734375]}},"from":[5.5,5.5,5.5],"rotation":{"angle":45.0,"axis":"x","origin":[8.0,8.0,8.0]},"to":[10.5,10.5,10.5]}],"textures":{"0":"modelengine:custom/fireball","particle":"#0"}}