{"display":{"gui":{"rotation":[-150.0,-45.0,180.0]}},"elements":[{"faces":{"down":{"rotation":0,"texture":"#0","tintindex":0,"uv":[0.5456081,0.47517124,0.40118244,0.61772263]},"east":{"rotation":0,"texture":"#0","tintindex":0,"uv":[0.7221284,0.6810788,0.8665541,0.8077911]},"north":{"rotation":0,"texture":"#0","tintindex":0,"uv":[0.7221284,0.53852737,0.8665541,0.66523975]},"south":{"rotation":0,"texture":"#0","tintindex":0,"uv":[0.16047297,0.7919521,0.30489865,0.9186644]},"up":{"rotation":0,"texture":"#0","tintindex":0,"uv":[0.38513514,0.61772263,0.24070945,0.47517124]},"west":{"rotation":0,"texture":"#0","tintindex":0,"uv":[0.32094595,0.7919521,0.4653716,0.9186644]}},"from":[2.0,3.9548435,-2.3148746],"rotation":{"angle":45.0,"axis":"y","origin":[9.0,5.4548435,-0.81487465]},"to":[11.0,11.9548435,6.685125]},{"faces":{"down":{"rotation":0,"texture":"#0","tintindex":0,"uv":[0.8665541,0.380137,0.7221284,0.5226883]},"east":{"rotation":0,"texture":"#0","tintindex":0,"uv":[0.9628378,1.0136986,1.1072636,1.1404109]},"north":{"rotation":0,"texture":"#0","tintindex":0,"uv":[0.8023649,1.0136986,0.9467905,1.1404109]},"south":{"rotation":0,"texture":"#0","tintindex":0,"uv":[1.0430744,0.0,1.1875,0.12671232]},"up":{"rotation":0,"texture":"#0","tintindex":0,"uv":[0.8665541,0.14255136,0.7221284,0.0]},"west":{"rotation":0,"texture":"#0","tintindex":0,"uv":[1.0430744,0.28510273,1.1875,0.41181508]}},"from":[9.590925,4.97591,3.4526563],"rotation":{"angle":45.0,"axis":"y","origin":[14.090925,8.97591,7.9526563]},"to":[18.590925,12.97591,12.452656]},{"faces":{"down":{"rotation":0,"texture":"#0","tintindex":0,"uv":[0.7060811,0.380137,0.5616554,0.5226883]},"east":{"rotation":0,"texture":"#0","tintindex":0,"uv":[0.7221284,0.82363015,0.8665541,0.9503425]},"north":{"rotation":0,"texture":"#0","tintindex":0,"uv":[0.8344595,0.15839042,0.9788851,0.28510273]},"south":{"rotation":0,"texture":"#0","tintindex":0,"uv":[0.0,0.85530823,0.14442568,0.98202056]},"up":{"rotation":0,"texture":"#0","tintindex":0,"uv":[0.6579392,0.36429796,0.5135135,0.22174658]},"west":{"rotation":0,"texture":"#0","tintindex":0,"uv":[0.4814189,0.85530823,0.6258446,0.98202056]}},"from":[-3.4117498,4.640625,2.364375],"rotation":{"angle":45.0,"axis":"y","origin":[3.5882502,6.140625,3.864375]},"to":[5.58825,12.640625,11.364375]},{"faces":{"down":{"rotation":0,"texture":"#0","tintindex":0,"uv":[0.7060811,0.69691783,0.5616554,0.8394692]},"east":{"rotation":0,"texture":"#0","tintindex":0,"uv":[0.9949324,0.14255136,1.1393582,0.26926368]},"north":{"rotation":0,"texture":"#0","tintindex":0,"uv":[0.6418919,0.9661815,0.7863176,1.0928938]},"south":{"rotation":0,"texture":"#0","tintindex":0,"uv":[0.0,0.9978596,0.14442568,1.1245719]},"up":{"rotation":0,"texture":"#0","tintindex":0,"uv":[0.14442568,0.8394692,0.0,0.69691783]},"west":{"rotation":0,"texture":"#0","tintindex":0,"uv":[0.4814189,0.9978596,0.6258446,1.1245719]}},"from":[3.8328123,9.616187,2.212],"rotation":{"angle":45.0,"axis":"z","origin":[8.332812,13.616188,6.712]},"to":[12.832812,17.616188,11.212]},{"faces":{"down":{"rotation":0,"texture":"#0","tintindex":0,"uv":[0.4653716,0.0,0.24070945,0.23758562]},"east":{"rotation":0,"texture":"#0","tintindex":0,"uv":[0.0,0.25342464,0.24070945,0.4593322]},"north":{"rotation":0,"texture":"#0","tintindex":0,"uv":[0.0,0.47517124,0.22466215,0.6810788]},"south":{"rotation":0,"texture":"#0","tintindex":0,"uv":[0.4814189,0.0,0.7060811,0.20590754]},"up":{"rotation":0,"texture":"#0","tintindex":0,"uv":[0.22466215,0.23758562,0.0,0.0]},"west":{"rotation":0,"texture":"#0","tintindex":0,"uv":[0.25675675,0.25342464,0.4974662,0.4593322]}},"from":[2.0,2.0,0.5],"to":[16.0,15.0,15.5]},{"faces":{"down":{"rotation":0,"texture":"#0","tintindex":0,"uv":[0.38513514,0.6335617,0.24070945,0.77611303]},"east":{"rotation":0,"texture":"#0","tintindex":0,"uv":[0.8826014,0.3009418,1.027027,0.42765412]},"north":{"rotation":0,"texture":"#0","tintindex":0,"uv":[0.8826014,0.0,1.027027,0.12671232]},"south":{"rotation":0,"texture":"#0","tintindex":0,"uv":[0.8826014,0.44349316,1.027027,0.57020545]},"up":{"rotation":0,"texture":"#0","tintindex":0,"uv":[0.7060811,0.6810788,0.5616554,0.53852737]},"west":{"rotation":0,"texture":"#0","tintindex":0,"uv":[0.8826014,0.58604455,1.027027,0.7127569]}},"from":[0.9219065,4.798844,7.76625],"rotation":{"angle":45.0,"axis":"y","origin":[7.9219065,6.298844,9.26625]},"to":[9.921906,12.798843,16.76625]},{"faces":{"down":{"rotation":0,"texture":"#0","tintindex":0,"uv":[1.1393582,0.53852737,1.0430744,0.6335617]},"east":{"rotation":0,"texture":"#0","tintindex":0,"uv":[1.0430744,0.74443495,1.1393582,0.82363015]},"north":{"rotation":0,"texture":"#0","tintindex":0,"uv":[1.0430744,0.6494007,1.1393582,0.7285959]},"south":{"rotation":0,"texture":"#0","tintindex":0,"uv":[1.0430744,0.8394692,1.1393582,0.9186644]},"up":{"rotation":0,"texture":"#0","tintindex":0,"uv":[1.1393582,0.5226883,1.0430744,0.42765412]},"west":{"rotation":0,"texture":"#0","tintindex":0,"uv":[0.16047297,1.0770547,0.25675675,1.15625]}},"from":[6.113019,11.873337,10.282482],"rotation":{"angle":45.0,"axis":"y","origin":[8.903019,14.353336,13.072482]},"to":[11.693019,16.833336,15.862482]},{"faces":{"down":{"rotation":0,"texture":"#0","tintindex":0,"uv":[0.8184122,0.22174658,0.6739865,0.36429796]},"east":{"rotation":0,"texture":"#0","tintindex":0,"uv":[0.8826014,0.8711473,1.027027,0.9978596]},"north":{"rotation":0,"texture":"#0","tintindex":0,"uv":[0.8826014,0.7285959,1.027027,0.85530823]},"south":{"rotation":0,"texture":"#0","tintindex":0,"uv":[0.16047297,0.93450344,0.30489865,1.0612158]},"up":{"rotation":0,"texture":"#0","tintindex":0,"uv":[0.5456081,0.77611303,0.40118244,0.6335617]},"west":{"rotation":0,"texture":"#0","tintindex":0,"uv":[0.32094595,0.93450344,0.4653716,1.0612158]}},"from":[4.3902187,2.1394377,2.3400002],"rotation":{"angle":45.0,"axis":"x","origin":[11.390219,3.6394377,3.8400002]},"to":[13.390219,10.139438,11.34]}],"textures":{"0":"modelengine:custom/fireball","particle":"#0"}}