{"display":{"gui":{"rotation":[-150.0,-45.0,180.0]}},"elements":[{"faces":{"down":{"rotation":0,"texture":"#0","tintindex":0,"uv":[6.5625,7.5,6.4375,7.625]},"east":{"rotation":0,"texture":"#0","tintindex":0,"uv":[5.4375,7.0625,5.5625,7.375]},"north":{"rotation":0,"texture":"#0","tintindex":0,"uv":[5.3125,7.0625,5.4375,7.375]},"south":{"rotation":0,"texture":"#0","tintindex":0,"uv":[5.9375,7.0625,6.0625,7.375]},"up":{"rotation":0,"texture":"#0","tintindex":0,"uv":[6.4375,7.625,6.3125,7.5]},"west":{"rotation":0,"texture":"#0","tintindex":0,"uv":[6.0625,7.0625,6.1875,7.375]}},"from":[7.0,2.3540726,7.0725346],"rotation":{"angle":-22.5,"axis":"x","origin":[8.0,4.8540726,8.072535]},"to":[9.0,7.3540726,9.072535]},{"faces":{"down":{"rotation":0,"texture":"#0","tintindex":0,"uv":[7.625,6.25,7.5,6.375]},"east":{"rotation":0,"texture":"#0","tintindex":0,"uv":[7.3125,7.3125,7.4375,7.5625]},"north":{"rotation":0,"texture":"#0","tintindex":0,"uv":[6.1875,7.3125,6.3125,7.5625]},"south":{"rotation":0,"texture":"#0","tintindex":0,"uv":[0.1875,7.375,0.3125,7.625]},"up":{"rotation":0,"texture":"#0","tintindex":0,"uv":[7.625,6.0625,7.5,5.9375]},"west":{"rotation":0,"texture":"#0","tintindex":0,"uv":[0.3125,7.375,0.4375,7.625]}},"from":[7.0,5.4881945,7.3132668],"rotation":{"angle":45.0,"axis":"x","origin":[8.0,7.4881945,8.313267]},"to":[9.0,9.488194,9.313267]}],"textures":{"0":"modelengine:custom/sakura_dragon","particle":"#0"}}