{"display":{"gui":{"rotation":[-150.0,-45.0,180.0]}},"elements":[{"faces":{"down":{"rotation":0,"texture":"#0","tintindex":0,"uv":[6.5625,6.625,6.3125,6.9375]},"east":{"rotation":0,"texture":"#0","tintindex":0,"uv":[6.625,7.0625,6.9375,7.1875]},"north":{"rotation":0,"texture":"#0","tintindex":0,"uv":[7.375,1.25,7.625,1.375]},"south":{"rotation":0,"texture":"#0","tintindex":0,"uv":[7.375,1.375,7.625,1.5]},"up":{"rotation":0,"texture":"#0","tintindex":0,"uv":[6.875,5.8125,6.625,5.5]},"west":{"rotation":0,"texture":"#0","tintindex":0,"uv":[6.9375,7.0625,7.25,7.1875]}},"from":[6.5,7.574025,6.885819],"rotation":{"angle":-22.5,"axis":"x","origin":[8.5,8.574025,9.385819]},"to":[10.5,9.574025,11.885819]},{"faces":{"down":{"rotation":0,"texture":"#0","tintindex":0,"uv":[1.9375,7.0,1.8125,7.375]},"east":{"rotation":0,"texture":"#0","tintindex":0,"uv":[7.0,5.6875,7.375,5.8125]},"north":{"rotation":0,"texture":"#0","tintindex":0,"uv":[7.5,6.5,7.625,6.625]},"south":{"rotation":0,"texture":"#0","tintindex":0,"uv":[6.5625,7.5,6.6875,7.625]},"up":{"rotation":0,"texture":"#0","tintindex":0,"uv":[3.875,1.75,3.75,1.375]},"west":{"rotation":0,"texture":"#0","tintindex":0,"uv":[7.0,5.8125,7.375,5.9375]}},"from":[7.5,6.6261864,9.727048],"rotation":{"angle":45.0,"axis":"x","origin":[8.5,7.6261864,12.727048]},"to":[9.5,8.626186,15.727048]},{"faces":{"down":{"rotation":0,"texture":"#0","tintindex":0,"uv":[6.9375,7.5,6.8125,7.625]},"east":{"rotation":0,"texture":"#0","tintindex":0,"uv":[2.625,7.125,2.75,7.4375]},"north":{"rotation":0,"texture":"#0","tintindex":0,"uv":[7.125,2.4375,7.25,2.75]},"south":{"rotation":0,"texture":"#0","tintindex":0,"uv":[2.75,7.125,2.875,7.4375]},"up":{"rotation":0,"texture":"#0","tintindex":0,"uv":[6.8125,7.625,6.6875,7.5]},"west":{"rotation":0,"texture":"#0","tintindex":0,"uv":[2.875,7.125,3.0,7.4375]}},"from":[7.5,1.7849569,12.674887],"rotation":{"angle":22.5,"axis":"x","origin":[8.5,4.284957,13.674887]},"to":[9.5,6.784957,14.674887]}],"textures":{"0":"modelengine:custom/sakura_dragon","particle":"#0"}}