{"display":{"gui":{"rotation":[-150.0,-45.0,180.0]}},"elements":[{"faces":{"down":{"rotation":0,"texture":"#0","tintindex":0,"uv":[4.8125,5.0625,4.75,5.25]},"east":{"rotation":0,"texture":"#0","tintindex":0,"uv":[7.4375,0.6875,7.625,0.8125]},"north":{"rotation":0,"texture":"#0","tintindex":0,"uv":[3.4375,5.375,3.5,5.5]},"south":{"rotation":0,"texture":"#0","tintindex":0,"uv":[0.25,6.25,0.3125,6.375]},"up":{"rotation":0,"texture":"#0","tintindex":0,"uv":[3.0,5.0625,2.9375,4.875]},"west":{"rotation":0,"texture":"#0","tintindex":0,"uv":[7.4375,0.9375,7.625,1.0625]}},"from":[7.5,7.166666,3.833332],"to":[8.5,9.166666,6.833332]},{"faces":{"down":{"rotation":0,"texture":"#0","tintindex":0,"uv":[5.375,1.625,5.0,2.25]},"east":{"rotation":0,"texture":"#0","tintindex":0,"uv":[5.5,4.5,6.125,4.75]},"north":{"rotation":0,"texture":"#0","tintindex":0,"uv":[4.9375,3.4375,5.3125,3.6875]},"south":{"rotation":0,"texture":"#0","tintindex":0,"uv":[5.9375,6.5,6.3125,6.75]},"up":{"rotation":0,"texture":"#0","tintindex":0,"uv":[5.3125,3.4375,4.9375,2.8125]},"west":{"rotation":0,"texture":"#0","tintindex":0,"uv":[5.625,3.8125,6.25,4.0625]}},"from":[5.0,6.166666,-0.16666794],"to":[11.0,10.166666,9.833332]},{"faces":{"down":{"rotation":0,"texture":"#0","tintindex":0,"uv":[1.1875,5.0625,0.8125,5.6875]},"east":{"rotation":0,"texture":"#0","tintindex":0,"uv":[6.1875,0.25,6.8125,0.3125]},"north":{"rotation":0,"texture":"#0","tintindex":0,"uv":[7.25,5.3125,7.625,5.375]},"south":{"rotation":0,"texture":"#0","tintindex":0,"uv":[7.3125,1.9375,7.6875,2.0]},"up":{"rotation":0,"texture":"#0","tintindex":0,"uv":[0.8125,5.6875,0.4375,5.0625]},"west":{"rotation":0,"texture":"#0","tintindex":0,"uv":[5.125,6.1875,5.75,6.25]}},"from":[5.0,5.166666,-0.16666794],"to":[11.0,6.166666,9.833332]}],"textures":{"0":"modelengine:custom/sakura_dragon","particle":"#0"}}