{"display":{"gui":{"rotation":[-150.0,-45.0,180.0]}},"elements":[{"faces":{"down":{"rotation":0,"texture":"#0","tintindex":0,"uv":[6.5625,4.0625,5.9375,4.25]},"east":{"rotation":0,"texture":"#0","tintindex":0,"uv":[1.9375,7.25,2.125,7.4375]},"north":{"rotation":0,"texture":"#0","tintindex":0,"uv":[5.9375,2.8125,6.5625,3.0]},"south":{"rotation":0,"texture":"#0","tintindex":0,"uv":[5.9375,3.0,6.5625,3.1875]},"up":{"rotation":0,"texture":"#0","tintindex":0,"uv":[6.5625,3.375,5.9375,3.1875]},"west":{"rotation":0,"texture":"#0","tintindex":0,"uv":[7.25,2.4375,7.4375,2.625]}},"from":[-2.9621792,6.505556,7.8910866],"rotation":{"angle":22.5,"axis":"y","origin":[2.0378194,8.005556,9.391087]},"to":[7.0378194,9.505556,10.891087]},{"faces":{"down":{"rotation":0,"texture":"#0","tintindex":0,"uv":[4.5625,6.625,4.3125,6.9375]},"east":{"rotation":0,"texture":"#0","tintindex":0,"uv":[4.6875,6.5,5.0,6.8125]},"north":{"rotation":0,"texture":"#0","tintindex":0,"uv":[3.0,1.75,3.25,2.0625]},"south":{"rotation":0,"texture":"#0","tintindex":0,"uv":[3.0,4.0625,3.25,4.375]},"up":{"rotation":0,"texture":"#0","tintindex":0,"uv":[1.8125,6.9375,1.5625,6.625]},"west":{"rotation":0,"texture":"#0","tintindex":0,"uv":[5.0,6.5,5.3125,6.8125]}},"from":[5.662534,5.505556,5.5738745],"to":[9.662535,10.505556,10.573874]},{"faces":{"down":{"rotation":0,"texture":"#0","tintindex":0,"uv":[4.4375,2.625,3.9375,3.4375]},"east":{"rotation":0,"texture":"#0","tintindex":0,"uv":[6.5625,3.3125,7.375,3.375]},"north":{"rotation":0,"texture":"#0","tintindex":0,"uv":[4.875,0.75,5.375,0.8125]},"south":{"rotation":0,"texture":"#0","tintindex":0,"uv":[7.125,6.4375,7.625,6.5]},"up":{"rotation":0,"texture":"#0","tintindex":0,"uv":[4.4375,2.625,3.9375,1.8125]},"west":{"rotation":0,"texture":"#0","tintindex":0,"uv":[6.6875,4.625,7.5,4.6875]}},"from":[-1.3462029,7.505556,7.1711073],"to":[6.6537976,8.505556,20.171108]}],"textures":{"0":"modelengine:custom/sakura_dragon","particle":"#0"}}