{"display":{"gui":{"rotation":[-150.0,-45.0,180.0]}},"elements":[{"faces":{"down":{"rotation":0,"texture":"#0","tintindex":0,"uv":[7.375,5.9375,7.1875,6.125]},"east":{"rotation":0,"texture":"#0","tintindex":0,"uv":[4.75,5.6875,4.9375,6.375]},"north":{"rotation":0,"texture":"#0","tintindex":0,"uv":[2.125,5.375,2.3125,6.0625]},"south":{"rotation":0,"texture":"#0","tintindex":0,"uv":[4.9375,5.6875,5.125,6.375]},"up":{"rotation":0,"texture":"#0","tintindex":0,"uv":[7.375,4.25,7.1875,4.0625]},"west":{"rotation":0,"texture":"#0","tintindex":0,"uv":[2.3125,5.8125,2.5,6.5]}},"from":[6.875,-4.573223,3.573223],"to":[9.875,6.426777,6.573223]},{"faces":{"down":{"rotation":0,"texture":"#0","tintindex":0,"uv":[0.3125,5.25,0.0,5.625]},"east":{"rotation":0,"texture":"#0","tintindex":0,"uv":[1.1875,5.0625,1.5625,5.6875]},"north":{"rotation":0,"texture":"#0","tintindex":0,"uv":[3.125,5.1875,3.4375,5.8125]},"south":{"rotation":0,"texture":"#0","tintindex":0,"uv":[0.0,5.25,0.3125,5.875]},"up":{"rotation":0,"texture":"#0","tintindex":0,"uv":[4.75,4.0625,4.4375,3.6875]},"west":{"rotation":0,"texture":"#0","tintindex":0,"uv":[1.5625,5.0625,1.9375,5.6875]}},"from":[6.125,1.7196703,4.78033],"rotation":{"angle":45.0,"axis":"x","origin":[8.625,6.7196703,7.78033]},"to":[11.125,11.719669,10.780331]}],"textures":{"0":"modelengine:custom/arctic_dragon","particle":"#0"}}