{"display":{"gui":{"rotation":[-150.0,-45.0,180.0]}},"elements":[{"faces":{"down":{"rotation":0,"texture":"#0","tintindex":0,"uv":[6.1875,7.5625,6.0625,7.6875]},"east":{"rotation":0,"texture":"#0","tintindex":0,"uv":[5.0625,7.1875,5.1875,7.5]},"north":{"rotation":0,"texture":"#0","tintindex":0,"uv":[4.9375,7.1875,5.0625,7.5]},"south":{"rotation":0,"texture":"#0","tintindex":0,"uv":[5.1875,7.1875,5.3125,7.5]},"up":{"rotation":0,"texture":"#0","tintindex":0,"uv":[7.6875,4.1875,7.5625,4.0625]},"west":{"rotation":0,"texture":"#0","tintindex":0,"uv":[6.3125,7.1875,6.4375,7.5]}},"from":[7.0,2.3540726,7.0725346],"rotation":{"angle":-22.5,"axis":"x","origin":[8.0,4.8540726,8.072535]},"to":[9.0,7.3540726,9.072535]},{"faces":{"down":{"rotation":0,"texture":"#0","tintindex":0,"uv":[7.6875,3.6875,7.5625,3.8125]},"east":{"rotation":0,"texture":"#0","tintindex":0,"uv":[4.3125,7.375,4.4375,7.625]},"north":{"rotation":0,"texture":"#0","tintindex":0,"uv":[3.5,7.375,3.625,7.625]},"south":{"rotation":0,"texture":"#0","tintindex":0,"uv":[4.4375,7.375,4.5625,7.625]},"up":{"rotation":0,"texture":"#0","tintindex":0,"uv":[3.125,7.6875,3.0,7.5625]},"west":{"rotation":0,"texture":"#0","tintindex":0,"uv":[4.5625,7.375,4.6875,7.625]}},"from":[7.0,5.4881945,7.3132668],"rotation":{"angle":45.0,"axis":"x","origin":[8.0,7.4881945,8.313267]},"to":[9.0,9.488194,9.313267]}],"textures":{"0":"modelengine:custom/arctic_dragon","particle":"#0"}}