{"display":{"gui":{"rotation":[-150.0,-45.0,180.0]}},"elements":[{"faces":{"down":{"rotation":0,"texture":"#0","tintindex":0,"uv":[3.0,4.0625,2.5,4.875]},"east":{"rotation":0,"texture":"#0","tintindex":0,"uv":[6.75,2.0,7.5625,2.0625]},"north":{"rotation":0,"texture":"#0","tintindex":0,"uv":[7.1875,6.125,7.6875,6.1875]},"south":{"rotation":0,"texture":"#0","tintindex":0,"uv":[7.25,3.5625,7.75,3.625]},"up":{"rotation":0,"texture":"#0","tintindex":0,"uv":[4.4375,4.25,3.9375,3.4375]},"west":{"rotation":0,"texture":"#0","tintindex":0,"uv":[6.875,4.25,7.6875,4.3125]}},"from":[9.346203,7.505556,7.1711073],"to":[17.346203,8.505556,20.171108]},{"faces":{"down":{"rotation":0,"texture":"#0","tintindex":0,"uv":[3.3125,6.8125,3.0625,7.125]},"east":{"rotation":0,"texture":"#0","tintindex":0,"uv":[5.3125,6.5,5.625,6.8125]},"north":{"rotation":0,"texture":"#0","tintindex":0,"uv":[1.1875,6.75,1.4375,7.0625]},"south":{"rotation":0,"texture":"#0","tintindex":0,"uv":[5.9375,6.75,6.1875,7.0625]},"up":{"rotation":0,"texture":"#0","tintindex":0,"uv":[2.875,7.125,2.625,6.8125]},"west":{"rotation":0,"texture":"#0","tintindex":0,"uv":[5.625,6.5,5.9375,6.8125]}},"from":[6.337466,5.505556,5.5738745],"to":[10.337465,10.505556,10.573874]},{"faces":{"down":{"rotation":0,"texture":"#0","tintindex":0,"uv":[6.625,5.6875,6.0,5.875]},"east":{"rotation":0,"texture":"#0","tintindex":0,"uv":[2.4375,7.3125,2.625,7.5]},"north":{"rotation":0,"texture":"#0","tintindex":0,"uv":[5.9375,4.25,6.5625,4.4375]},"south":{"rotation":0,"texture":"#0","tintindex":0,"uv":[5.125,6.0,5.75,6.1875]},"up":{"rotation":0,"texture":"#0","tintindex":0,"uv":[6.625,5.6875,6.0,5.5]},"west":{"rotation":0,"texture":"#0","tintindex":0,"uv":[7.3125,3.375,7.5,3.5625]}},"from":[8.962181,6.505556,7.8910866],"rotation":{"angle":-22.5,"axis":"y","origin":[13.962181,8.005556,9.391087]},"to":[18.96218,9.505556,10.891087]}],"textures":{"0":"modelengine:custom/arctic_dragon","particle":"#0"}}