{"display":{"gui":{"rotation":[-150.0,-45.0,180.0]}},"elements":[{"faces":{"down":{"rotation":0,"texture":"#0","tintindex":0,"uv":[6.875,4.75,6.25,4.875]},"east":{"rotation":0,"texture":"#0","tintindex":0,"uv":[7.625,1.375,7.75,1.5]},"north":{"rotation":0,"texture":"#0","tintindex":0,"uv":[6.25,0.8125,6.875,0.9375]},"south":{"rotation":0,"texture":"#0","tintindex":0,"uv":[6.875,0.9375,6.25,1.0625]},"up":{"rotation":0,"texture":"#0","tintindex":0,"uv":[6.875,1.1875,6.25,1.0625]},"west":{"rotation":0,"texture":"#0","tintindex":0,"uv":[1.5,7.625,1.625,7.75]}},"from":[7.4999447,7.25,8.844233],"rotation":{"angle":-22.5,"axis":"y","origin":[12.249945,7.75,9.344233]},"to":[12.999945,8.25,9.844233]},{"faces":{"down":{"rotation":0,"texture":"#0","tintindex":0,"uv":[4.0625,6.375,3.9375,7.1875]},"east":{"rotation":0,"texture":"#0","tintindex":0,"uv":[6.4375,1.375,7.25,1.5]},"north":{"rotation":0,"texture":"#0","tintindex":0,"uv":[2.1875,7.625,2.3125,7.75]},"south":{"rotation":0,"texture":"#0","tintindex":0,"uv":[2.3125,7.625,2.4375,7.75]},"up":{"rotation":0,"texture":"#0","tintindex":0,"uv":[3.9375,7.1875,3.8125,6.375]},"west":{"rotation":0,"texture":"#0","tintindex":0,"uv":[6.4375,1.5,7.25,1.625]}},"from":[10.898436,7.3499994,17.752047],"rotation":{"angle":-22.5,"axis":"y","origin":[11.398436,7.75,21.002047]},"to":[11.898436,8.15,24.252045]},{"faces":{"down":{"rotation":0,"texture":"#0","tintindex":0,"uv":[3.8125,6.375,3.6875,7.1875]},"east":{"rotation":0,"texture":"#0","tintindex":0,"uv":[6.3125,6.375,7.125,6.5]},"north":{"rotation":0,"texture":"#0","tintindex":0,"uv":[7.625,1.5,7.75,1.625]},"south":{"rotation":0,"texture":"#0","tintindex":0,"uv":[1.625,7.625,1.75,7.75]},"up":{"rotation":0,"texture":"#0","tintindex":0,"uv":[3.0625,7.125,2.9375,6.3125]},"west":{"rotation":0,"texture":"#0","tintindex":0,"uv":[6.4375,1.25,7.25,1.375]}},"from":[9.952446,7.3,6.9962354],"rotation":{"angle":45.0,"axis":"y","origin":[10.452446,7.7249994,10.246235]},"to":[10.952446,8.15,13.496236]},{"faces":{"down":{"rotation":0,"texture":"#0","tintindex":0,"uv":[2.5,2.3125,1.875,4.4375]},"east":{"rotation":0,"texture":"#0","tintindex":0,"uv":[5.8125,1.625,7.9375,1.6875]},"north":{"rotation":0,"texture":"#0","tintindex":0,"uv":[7.125,2.0625,7.75,2.125]},"south":{"rotation":0,"texture":"#0","tintindex":0,"uv":[7.125,2.125,7.75,2.1875]},"up":{"rotation":0,"texture":"#0","tintindex":0,"uv":[1.875,4.4375,1.25,2.3125]},"west":{"rotation":0,"texture":"#0","tintindex":0,"uv":[5.8125,1.6875,7.9375,1.75]}},"from":[7.976738,7.5,7.9472303],"to":[12.976738,8.0,24.947231]},{"faces":{"down":{"rotation":0,"texture":"#0","tintindex":0,"uv":[0.625,6.625,0.5,7.375]},"east":{"rotation":0,"texture":"#0","tintindex":0,"uv":[6.5625,2.1875,7.3125,2.3125]},"north":{"rotation":0,"texture":"#0","tintindex":0,"uv":[1.75,7.625,1.875,7.75]},"south":{"rotation":0,"texture":"#0","tintindex":0,"uv":[2.0625,7.625,2.1875,7.75]},"up":{"rotation":0,"texture":"#0","tintindex":0,"uv":[0.5,7.375,0.375,6.625]},"west":{"rotation":0,"texture":"#0","tintindex":0,"uv":[6.5625,2.3125,7.3125,2.4375]}},"from":[12.104097,7.3499994,12.190779],"to":[13.104097,8.15,18.190779]}],"textures":{"0":"modelengine:custom/arctic_dragon","particle":"#0"}}